Fund Name,P1,P2,P3,P4,P5,Topsis Score,Rank
M1,0.79,0.62,3.1,47.3,12.95,0.44106851969257566,6
M2,0.79,0.62,5.0,68.3,18.68,0.8376864947575143,2
M3,0.85,0.72,5.4,52.5,14.87,0.7273317472115941,3
M4,0.61,0.37,3.9,69.2,18.52,0.5350735130414178,8
M5,0.6,0.36,3.7,48.5,13.29,0.29421748164623696,4
M6,0.84,0.71,5.4,65.7,18.16,0.9419576916174557,1
M7,0.72,0.52,3.1,33.0,9.34,0.225226900677576,5
M8,0.78,0.61,3.6,62.8,16.95,0.6367115817703107,7
